[
	{
		"model": "app_messages.Modal",
		"pk": 0,
		"fields": {
			"message": "Сообщение отправлено",
			"timeout": 3000,
			"window": 0,
			"cancel_button": "False"
		}
	},
	{
		"model": "app_messages.Modal",
		"pk": 1,
		"fields": {
			"message": "Сообщение отправлено1",
			"timeout": 1000,
			"window": 0,
			"cancel_button": "False"
		}
	},	

	{
		"model": "app_accounts.Gender",
		"pk": 0,
		"fields": {
			"gender": "-----"
		}
	},
	{
		"model": "app_accounts.Gender",
		"pk": 1,
		"fields": {
			"gender": "Ж"
		}
	},
	{
		"model": "app_accounts.Gender",
		"pk": 2,
		"fields": {
			"gender": "М"
		}
	},

	{
		"model": "auth.User",
		"pk": 2,
		"fields": {
			"password": "pbkdf2_sha256$12000$mYXKstn17g7M$+odzVtDT7B4UTcd76ZU/WxpLyDK6gV5Cmq1QEFKQzms=",
			"last_login": "2014-09-24 11:04:01.488821",
			"is_superuser": 0,
			"username": "qqqqqq",
			"first_name": "3",
			"last_name": "3",
			"email": "qqq@mail.ru",
			"is_staff": 0,
			"is_active": 1,
			"date_joined": "2014-09-22 17:37:25.866974"
		}
	},
	{
		"model": "auth.User",
		"pk": 3,
		"fields": {
			"password": "pbkdf2_sha256$12000$mYXKstn17g7M$+odzVtDT7B4UTcd76ZU/WxpLyDK6gV5Cmq1QEFKQzms=",
			"last_login": "2014-09-24 11:04:01.488821",
			"is_superuser": 0,
			"username": "aaaaaa",
			"first_name": "3",
			"last_name": "3",
			"email": "aaaaaa@mail.ru",
			"is_staff": 0,
			"is_active": 1,
			"date_joined": "2014-09-22 17:37:25.866974"
		}
	},
	{
		"model": "auth.User",
		"pk": 4,
		"fields": {
			"password": "pbkdf2_sha256$12000$mYXKstn17g7M$+odzVtDT7B4UTcd76ZU/WxpLyDK6gV5Cmq1QEFKQzms=",
			"last_login": "2014-09-24 11:04:01.488821",
			"is_superuser": 0,
			"username": "zzzzzz",
			"first_name": "3",
			"last_name": "3",
			"email": "zzz@mail.ru",
			"is_staff": 0,
			"is_active": 1,
			"date_joined": "2014-09-22 17:37:25.866974"
		}
	},	
	{
		"model": "auth.User",
		"pk": 5,
		"fields": {
			"password": "pbkdf2_sha256$12000$mYXKstn17g7M$+odzVtDT7B4UTcd76ZU/WxpLyDK6gV5Cmq1QEFKQzms=",
			"last_login": "2014-09-24 11:04:01.488821",
			"is_superuser": 0,
			"username": "wwwwww",
			"first_name": "3",
			"last_name": "3",
			"email": "zzz@mail.ru",
			"is_staff": 0,
			"is_active": 1,
			"date_joined": "2014-09-22 17:37:25.866974"
		}
	},	
	{
		"model": "auth.User",
		"pk": 6,
		"fields": {
			"password": "pbkdf2_sha256$12000$mYXKstn17g7M$+odzVtDT7B4UTcd76ZU/WxpLyDK6gV5Cmq1QEFKQzms=",
			"last_login": "2014-09-24 11:04:01.488821",
			"is_superuser": 0,
			"username": "ssssss",
			"first_name": "3",
			"last_name": "3",
			"email": "zzz@mail.ru",
			"is_staff": 0,
			"is_active": 1,
			"date_joined": "2014-09-22 17:37:25.866974"
		}
	},	
	{
		"model": "auth.User",
		"pk": 7,
		"fields": {
			"password": "pbkdf2_sha256$12000$mYXKstn17g7M$+odzVtDT7B4UTcd76ZU/WxpLyDK6gV5Cmq1QEFKQzms=",
			"last_login": "2014-09-24 11:04:01.488821",
			"is_superuser": 0,
			"username": "xxxxxx",
			"first_name": "3",
			"last_name": "3",
			"email": "zzz@mail.ru",
			"is_staff": 0,
			"is_active": 1,
			"date_joined": "2014-09-22 17:37:25.866974"
		}
	},	
	{
		"model": "auth.User",
		"pk": 8,
		"fields": {
			"password": "pbkdf2_sha256$12000$mYXKstn17g7M$+odzVtDT7B4UTcd76ZU/WxpLyDK6gV5Cmq1QEFKQzms=",
			"last_login": "2014-09-24 11:04:01.488821",
			"is_superuser": 0,
			"username": "xxxx8xx",
			"first_name": "3",
			"last_name": "3",
			"email": "zz8z@mail.ru",
			"is_staff": 0,
			"is_active": 1,
			"date_joined": "2014-09-22 17:37:25.866974"
		}
	},	
	{
		"model": "auth.User",
		"pk": 9,
		"fields": {
			"password": "pbkdf2_sha256$12000$mYXKstn17g7M$+odzVtDT7B4UTcd76ZU/WxpLyDK6gV5Cmq1QEFKQzms=",
			"last_login": "2014-09-24 11:04:01.488821",
			"is_superuser": 0,
			"username": "xx9xxxx",
			"first_name": "3",
			"last_name": "3",
			"email": "zz9z@mail.ru",
			"is_staff": 0,
			"is_active": 1,
			"date_joined": "2014-09-22 17:37:25.866974"
		}
	},	
	{
		"model": "auth.User",
		"pk": 10,
		"fields": {
			"password": "pbkdf2_sha256$12000$mYXKstn17g7M$+odzVtDT7B4UTcd76ZU/WxpLyDK6gV5Cmq1QEFKQzms=",
			"last_login": "2014-09-24 11:04:01.488821",
			"is_superuser": 0,
			"username": "xxx10xxx",
			"first_name": "3",
			"last_name": "3",
			"email": "zzz10@mail.ru",
			"is_staff": 0,
			"is_active": 1,
			"date_joined": "2014-09-22 17:37:25.866974"
		}
	},	
	{
		"model": "auth.User",
		"pk": 11,
		"fields": {
			"password": "pbkdf2_sha256$12000$mYXKstn17g7M$+odzVtDT7B4UTcd76ZU/WxpLyDK6gV5Cmq1QEFKQzms=",
			"last_login": "2014-09-24 11:04:01.488821",
			"is_superuser": 0,
			"username": "xxx11xxx",
			"first_name": "3",
			"last_name": "3",
			"email": "zz11z@mail.ru",
			"is_staff": 0,
			"is_active": 1,
			"date_joined": "2014-09-22 17:37:25.866974"
		}
	},	
	{
		"model": "auth.User",
		"pk": 12,
		"fields": {
			"password": "pbkdf2_sha256$12000$mYXKstn17g7M$+odzVtDT7B4UTcd76ZU/WxpLyDK6gV5Cmq1QEFKQzms=",
			"last_login": "2014-09-24 11:04:01.488821",
			"is_superuser": 0,
			"username": "xx12xxxx",
			"first_name": "3",
			"last_name": "3",
			"email": "zz12z@mail.ru",
			"is_staff": 0,
			"is_active": 1,
			"date_joined": "2014-09-22 17:37:25.866974"
		}
	},	
	{
		"model": "auth.User",
		"pk": 13,
		"fields": {
			"password": "pbkdf2_sha256$12000$mYXKstn17g7M$+odzVtDT7B4UTcd76ZU/WxpLyDK6gV5Cmq1QEFKQzms=",
			"last_login": "2014-09-24 11:04:01.488821",
			"is_superuser": 0,
			"username": "xxx13xxx",
			"first_name": "3",
			"last_name": "3",
			"email": "z13zz@mail.ru",
			"is_staff": 0,
			"is_active": 1,
			"date_joined": "2014-09-22 17:37:25.866974"
		}
	},	
	{
		"model": "auth.User",
		"pk": 14,
		"fields": {
			"password": "pbkdf2_sha256$12000$mYXKstn17g7M$+odzVtDT7B4UTcd76ZU/WxpLyDK6gV5Cmq1QEFKQzms=",
			"last_login": "2014-09-24 11:04:01.488821",
			"is_superuser": 0,
			"username": "xxx14xxx",
			"first_name": "3",
			"last_name": "3",
			"email": "zz14z@mail.ru",
			"is_staff": 0,
			"is_active": 1,
			"date_joined": "2014-09-22 17:37:25.866974"
		}
	},	
	{
		"model": "auth.User",
		"pk": 15,
		"fields": {
			"password": "pbkdf2_sha256$12000$mYXKstn17g7M$+odzVtDT7B4UTcd76ZU/WxpLyDK6gV5Cmq1QEFKQzms=",
			"last_login": "2014-09-24 11:04:01.488821",
			"is_superuser": 0,
			"username": "xxxx15xx",
			"first_name": "3",
			"last_name": "3",
			"email": "zz15z@mail.ru",
			"is_staff": 0,
			"is_active": 1,
			"date_joined": "2014-09-22 17:37:25.866974"
		}
	},							

	{
		"model": "app_accounts.UserProfile",
		"pk": 2,
		"fields": {
			"gender": 2,
			"phone": "21",
			"skype": "dfsdf",
			"other": "qqqqqq",
			"nickname": "Достоевский фёдор",
			"avatar": "userprofile/avatar/1_1.jpg",
			"views": "33"
		}
	},
	{
		"model": "app_accounts.UserProfile",
		"pk": 3,
		"fields": {
			"gender": 2,
			"phone": "2014-09-24 11:04:01.488821",
			"skype": "dfsdf",
			"other": "aaaa",
			"nickname": "Лев Толстой",
			"avatar": "userprofile/avatar/2_1.jpg",
			"views": "22"
		}
	},
	{
		"model": "app_accounts.UserProfile",
		"pk": 4,
		"fields": {
			"gender": 1,
			"phone": "2014-0921",
			"skype": "dfsdf",
			"other": "zzzz",
			"nickname": "Иван Тургенев ёпта",
			"avatar": "userprofile/avatar/3_1.jpg",
			"views": "35"
		}
	},	
	{
		"model": "app_accounts.UserProfile",
		"pk": 5,
		"fields": {
			"gender": 2,
			"phone": "21",
			"skype": "dfsdf",
			"other": "qqqqqq",
			"nickname": "Антон Чех",
			"avatar": "userprofile/avatar/4_1.jpg",
			"views": "12"
		}
	},
	{
		"model": "app_accounts.UserProfile",
		"pk": 6,
		"fields": {
			"gender": 2,
			"phone": "2014-09-24 11:04:01.488821",
			"skype": "dfsdf",
			"other": "aaaa",
			"nickname": "Олексей Толстой",
			"avatar": "userprofile/avatar/5_1.jpg",
			"views": "242"
		}
	},
	{
		"model": "app_accounts.UserProfile",
		"pk": 7,
		"fields": {
			"gender": 1,
			"phone": "2014-0921",
			"skype": "dfsdf",
			"other": "zzzz",
			"nickname": "Николай Лесков",
			"avatar": "userprofile/avatar/6_1.jpg",
			"views": "23"
		}
	},	
	{
		"model": "app_accounts.UserProfile",
		"pk": 8,
		"fields": {
			"gender": 1,
			"phone": "2014-0921",
			"skype": "dfsdf",
			"other": "zzzz",
			"nickname": "Николай Некрасов",
			"avatar": "userprofile/avatar/7_1.jpg",
			"views": "767"
		}
	},	
	{
		"model": "app_accounts.UserProfile",
		"pk": 9,
		"fields": {
			"gender": 1,
			"phone": "2014-0921",
			"skype": "dfsdf",
			"other": "zzzz",
			"nickname": "Никола Гоголь",
			"avatar": "userprofile/avatar/9_1.jpg",
			"views": "67"
		}
	},	
	{
		"model": "app_accounts.UserProfile",
		"pk": 10,
		"fields": {
			"gender": 1,
			"phone": "2014-0921",
			"skype": "dfsdf",
			"other": "zzzz",
			"nickname": "Олексий Лесков",
			"avatar": "userprofile/avatar/10_1.jpg",
			"views": "221"
		}
	},	
	{
		"model": "app_accounts.UserProfile",
		"pk": 11,
		"fields": {
			"gender": 1,
			"phone": "2014-0921",
			"skype": "dfsdf",
			"other": "zzzz",
			"nickname": "Нико",
			"avatar": "userprofile/avatar/13_1.jpg",
			"views": "343"
		}
	},	
	{
		"model": "app_accounts.UserProfile",
		"pk": 12,
		"fields": {
			"gender": 1,
			"phone": "2014-0921",
			"skype": "dfsdf",
			"other": "zzzz",
			"nickname": "Николай Басков",
			"avatar": "",
			"views": "46"
		}
	},	
	{
		"model": "app_accounts.UserProfile",
		"pk": 13,
		"fields": {
			"gender": 1,
			"phone": "2014-0921",
			"skype": "dfsdf",
			"other": "zzzz",
			"nickname": "Лермонов мехаил",
			"avatar": "",
			"views": "22"
		}
	},	
	{
		"model": "app_accounts.UserProfile",
		"pk": 14,
		"fields": {
			"gender": 1,
			"phone": "2014-0921",
			"skype": "dfsdf",
			"other": "zzzz",
			"nickname": "Ресков Сергей",
			"avatar": "",
			"views": "2"
		}
	},	
	{
		"model": "app_accounts.UserProfile",
		"pk": 15,
		"fields": {
			"gender": 1,
			"phone": "2014-0921",
			"skype": "dfsdf",
			"other": "zzzz",
			"nickname": "Солженицин Григорий",
			"avatar": "",
			"views": "23"
		}
	},	


	{
		"model": "app_zapsum.Diary",
		"pk": 1,
		"fields": {
			"user_id": 2,
			"title": "Однажды Мышкин в студёную зимнюю пору",
			"date": "2014-09-03",
			"text": "Конец 1867 года. Князь Лев Николаевич Мышкин приезжает в Петербург из Швейцарии. Ему двадцать шесть лет, он последний из знатного дворянского рода, рано осиротел, в детстве заболел тяжёлой нервной болезнью и был помещён своим опекуном и благодетелем Павлищевым в швейцарский санаторий. Там он прожил четыре года и теперь возвращается в Россию с неясными, но большими планами послужить ей. В поезде князь знакомится с Парфеном Рогожиным, сыном богатого купца, унаследовавшим после его смерти огромное состояние. От него князь впервые слышит имя Настасьи Филипповны Барашковой, любовницы некоего богатого аристократа Тоцкого, которой страстно увлечён Рогожин.",
			"last_edit_date": "2014-09-03",
			"is_active": 1,
			"is_delete": 0
		}
	},	
	{
		"model": "app_zapsum.Diary",
		"pk": 2,
		"fields": {
			"user_id": 2,
			"title": "Однажды в приезжает студёную зимнюю пору",
			"date": "2014-09-03",
			"text": "Конец 1867 года. Князь Лев Николаевич Мышкин приезжает в Петербург из Швейцарии. Ему двадцать шесть лет, он последний из знатного дворянского рода, рано осиротел, в детстве заболел тяжёлой нервной болезнью и был помещён своим опекуном и благодетелем Павлищевым в швейцарский санаторий. Там он прожил четыре года и теперь возвращается в Россию с неясными, но большими планами послужить ей. В поезде князь знакомится с Парфеном Рогожиным, сыном богатого купца, унаследовавшим после его смерти огромное состояние. От него князь впервые слышит имя Настасьи Филипповны Барашковой, любовницы некоего богатого аристократа Тоцкого, которой страстно увлечён Рогожин.",
			"last_edit_date": "2014-09-03",
			"is_active": 1,
			"is_delete": 0
		}
	},
	{
		"model": "app_zapsum.Diary",
		"pk": 3,
		"fields": {
			"user_id": 2,
			"title": "Однажды в Петербург зимнюю пору",
			"date": "2014-09-03",
			"text": "Конец 1867 года. Князь Лев Николаевич Мышкин приезжает в Петербург из Швейцарии. Ему двадцать шесть лет, он последний из знатного дворянского рода, рано осиротел, в детстве заболел тяжёлой нервной болезнью и был помещён своим опекуном и благодетелем Павлищевым в швейцарский санаторий. Там он прожил четыре года и теперь возвращается в Россию с неясными, но большими планами послужить ей. В поезде князь знакомится с Парфеном Рогожиным, сыном богатого купца, унаследовавшим после его смерти огромное состояние. От него князь впервые слышит имя Настасьи Филипповны Барашковой, любовницы некоего богатого аристократа Тоцкого, которой страстно увлечён Рогожин.",
			"last_edit_date": "2014-09-03",
			"is_active": 1,
			"is_delete": 0
		}
	},
	{
		"model": "app_zapsum.Diary",
		"pk": 4,
		"fields": {
			"user_id": 2,
			"title": "Однажды в Швейцарии зимнюю пору",
			"date": "2014-09-03",
			"text": "Конец 1867 года. Князь Лев Николаевич Мышкин приезжает в Петербург из Швейцарии. Ему двадцать шесть лет, он последний из знатного дворянского рода, рано осиротел, в детстве заболел тяжёлой нервной болезнью и был помещён своим опекуном и благодетелем Павлищевым в швейцарский санаторий. Там он прожил четыре года и теперь возвращается в Россию с неясными, но большими планами послужить ей. В поезде князь знакомится с Парфеном Рогожиным, сыном богатого купца, унаследовавшим после его смерти огромное состояние. От него князь впервые слышит имя Настасьи Филипповны Барашковой, любовницы некоего богатого аристократа Тоцкого, которой страстно увлечён Рогожин.",
			"last_edit_date": "2014-09-03",
			"is_active": 1,
			"is_delete": 0
		}
	},
	{
		"model": "app_zapsum.Diary",
		"pk": 5,
		"fields": {
			"user_id": 2,
			"title": "Однажды в студёную зимнюю пору",
			"date": "2014-09-03",
			"text": "Конец 1867 года. Князь Лев Николаевич Мышкин приезжает в Петербург из Швейцарии. Ему двадцать шесть лет, он последний из знатного дворянского рода, рано осиротел, в детстве заболел тяжёлой нервной болезнью и был помещён своим опекуном и благодетелем Павлищевым в швейцарский санаторий. Там он прожил четыре года и теперь возвращается в Россию с неясными, но большими планами послужить ей. В поезде князь знакомится с Парфеном Рогожиным, сыном богатого купца, унаследовавшим после его смерти огромное состояние. От него князь впервые слышит имя Настасьи Филипповны Барашковой, любовницы некоего богатого аристократа Тоцкого, которой страстно увлечён Рогожин.",
			"last_edit_date": "2014-09-03",
			"is_active": 1,
			"is_delete": 0
		}
	},
	{
		"model": "app_zapsum.Diary",
		"pk": 6,
		"fields": {
			"user_id": 2,
			"title": "Однажды в студёную зимнюю пору",
			"date": "2014-09-03",
			"text": "Конец 1867 года. Князь Лев Николаевич Мышкин приезжает в Петербург из Швейцарии. Ему двадцать шесть лет, он последний из знатного дворянского рода, рано осиротел, в детстве заболел тяжёлой нервной болезнью и был помещён своим опекуном и благодетелем Павлищевым в швейцарский санаторий. Там он прожил четыре года и теперь возвращается в Россию с неясными, но большими планами послужить ей. В поезде князь знакомится с Парфеном Рогожиным, сыном богатого купца, унаследовавшим после его смерти огромное состояние. От него князь впервые слышит имя Настасьи Филипповны Барашковой, любовницы некоего богатого аристократа Тоцкого, которой страстно увлечён Рогожин.",
			"last_edit_date": "2014-09-03",
			"is_active": 1,
			"is_delete": 0
		}
	},
	{
		"model": "app_zapsum.Diary",
		"pk": 7,
		"fields": {
			"user_id": 2,
			"title": "Однажды в студёную зимнюю пору",
			"date": "2014-09-03",
			"text": "Конец 1867 года. Князь Лев Николаевич Мышкин приезжает в Петербург из Швейцарии. Ему двадцать шесть лет, он последний из знатного дворянского рода, рано осиротел, в детстве заболел тяжёлой нервной болезнью и был помещён своим опекуном и благодетелем Павлищевым в швейцарский санаторий. Там он прожил четыре года и теперь возвращается в Россию с неясными, но большими планами послужить ей. В поезде князь знакомится с Парфеном Рогожиным, сыном богатого купца, унаследовавшим после его смерти огромное состояние. От него князь впервые слышит имя Настасьи Филипповны Барашковой, любовницы некоего богатого аристократа Тоцкого, которой страстно увлечён Рогожин.",
			"last_edit_date": "2014-09-03",
			"is_active": 1,
			"is_delete": 0
		}
	},
	{
		"model": "app_zapsum.Diary",
		"pk": 8,
		"fields": {
			"user_id": 3,
			"title": "Однажды в студёную зимнюю пору",
			"date": "2014-09-03",
			"text": "Конец 1867 года. Князь Лев Николаевич Мышкин приезжает в Петербург из Швейцарии. Ему двадцать шесть лет, он последний из знатного дворянского рода, рано осиротел, в детстве заболел тяжёлой нервной болезнью и был помещён своим опекуном и благодетелем Павлищевым в швейцарский санаторий. Там он прожил четыре года и теперь возвращается в Россию с неясными, но большими планами послужить ей. В поезде князь знакомится с Парфеном Рогожиным, сыном богатого купца, унаследовавшим после его смерти огромное состояние. От него князь впервые слышит имя Настасьи Филипповны Барашковой, любовницы некоего богатого аристократа Тоцкого, которой страстно увлечён Рогожин.",
			"last_edit_date": "2014-09-03",
			"is_active": 1,
			"is_delete": 0
		}
	},	
	{
		"model": "app_zapsum.Diary",
		"pk": 9,
		"fields": {
			"user_id": 3,
			"title": "Однажды в студёную зимнюю пору",
			"date": "2014-09-03",
			"text": "Конец 1867 года. Князь Лев Николаевич Мышкин приезжает в Петербург из Швейцарии. Ему двадцать шесть лет, он последний из знатного дворянского рода, рано осиротел, в детстве заболел тяжёлой нервной болезнью и был помещён своим опекуном и благодетелем Павлищевым в швейцарский санаторий. Там он прожил четыре года и теперь возвращается в Россию с неясными, но большими планами послужить ей. В поезде князь знакомится с Парфеном Рогожиным, сыном богатого купца, унаследовавшим после его смерти огромное состояние. От него князь впервые слышит имя Настасьи Филипповны Барашковой, любовницы некоего богатого аристократа Тоцкого, которой страстно увлечён Рогожин.",
			"last_edit_date": "2014-09-03",
			"is_active": 1,
			"is_delete": 0
		}
	},
	{
		"model": "app_zapsum.Diary",
		"pk": 10,
		"fields": {
			"user_id": 3,
			"title": "Однажды в студёную зимнюю пору",
			"date": "2014-09-03",
			"text": "Конец 1867 года. Князь Лев Николаевич Мышкин приезжает в Петербург из Швейцарии. Ему двадцать шесть лет, он последний из знатного дворянского рода, рано осиротел, в детстве заболел тяжёлой нервной болезнью и был помещён своим опекуном и благодетелем Павлищевым в швейцарский санаторий. Там он прожил четыре года и теперь возвращается в Россию с неясными, но большими планами послужить ей. В поезде князь знакомится с Парфеном Рогожиным, сыном богатого купца, унаследовавшим после его смерти огромное состояние. От него князь впервые слышит имя Настасьи Филипповны Барашковой, любовницы некоего богатого аристократа Тоцкого, которой страстно увлечён Рогожин.",
			"last_edit_date": "2014-09-03",
			"is_active": 1,
			"is_delete": 0
		}
	},
	{
		"model": "app_zapsum.Diary",
		"pk": 11,
		"fields": {
			"user_id": 3,
			"title": "Однажды в студёную зимнюю пору",
			"date": "2014-09-03",
			"text": "Конец 1867 года. Князь Лев Николаевич Мышкин приезжает в Петербург из Швейцарии. Ему двадцать шесть лет, он последний из знатного дворянского рода, рано осиротел, в детстве заболел тяжёлой нервной болезнью и был помещён своим опекуном и благодетелем Павлищевым в швейцарский санаторий. Там он прожил четыре года и теперь возвращается в Россию с неясными, но большими планами послужить ей. В поезде князь знакомится с Парфеном Рогожиным, сыном богатого купца, унаследовавшим после его смерти огромное состояние. От него князь впервые слышит имя Настасьи Филипповны Барашковой, любовницы некоего богатого аристократа Тоцкого, которой страстно увлечён Рогожин.",
			"last_edit_date": "2014-09-03",
			"is_active": 1,
			"is_delete": 0
		}
	},
	{
		"model": "app_zapsum.Diary",
		"pk": 12,
		"fields": {
			"user_id": 3,
			"title": "Однажды в студёную зимнюю пору",
			"date": "2014-09-03",
			"text": "Конец 1867 года. Князь Лев Николаевич Мышкин приезжает в Петербург из Швейцарии. Ему двадцать шесть лет, он последний из знатного дворянского рода, рано осиротел, в детстве заболел тяжёлой нервной болезнью и был помещён своим опекуном и благодетелем Павлищевым в швейцарский санаторий. Там он прожил четыре года и теперь возвращается в Россию с неясными, но большими планами послужить ей. В поезде князь знакомится с Парфеном Рогожиным, сыном богатого купца, унаследовавшим после его смерти огромное состояние. От него князь впервые слышит имя Настасьи Филипповны Барашковой, любовницы некоего богатого аристократа Тоцкого, которой страстно увлечён Рогожин.",
			"last_edit_date": "2014-09-03",
			"is_active": 1,
			"is_delete": 0
		}
	},
	{
		"model": "app_zapsum.Diary",
		"pk": 13,
		"fields": {
			"user_id": 3,
			"title": "Однажды в студёную зимнюю пору",
			"date": "2014-09-03",
			"text": "Конец 1867 года. Князь Лев Николаевич Мышкин приезжает в Петербург из Швейцарии. Ему двадцать шесть лет, он последний из знатного дворянского рода, рано осиротел, в детстве заболел тяжёлой нервной болезнью и был помещён своим опекуном и благодетелем Павлищевым в швейцарский санаторий. Там он прожил четыре года и теперь возвращается в Россию с неясными, но большими планами послужить ей. В поезде князь знакомится с Парфеном Рогожиным, сыном богатого купца, унаследовавшим после его смерти огромное состояние. От него князь впервые слышит имя Настасьи Филипповны Барашковой, любовницы некоего богатого аристократа Тоцкого, которой страстно увлечён Рогожин.",
			"last_edit_date": "2014-09-03",
			"is_active": 1,
			"is_delete": 0
		}
	},
	{
		"model": "app_zapsum.Diary",
		"pk": 14,
		"fields": {
			"user_id": 3,
			"title": "Однажды в студёную зимнюю пору",
			"date": "2014-09-03",
			"text": "Конец 1867 года. Князь Лев Николаевич Мышкин приезжает в Петербург из Швейцарии. Ему двадцать шесть лет, он последний из знатного дворянского рода, рано осиротел, в детстве заболел тяжёлой нервной болезнью и был помещён своим опекуном и благодетелем Павлищевым в швейцарский санаторий. Там он прожил четыре года и теперь возвращается в Россию с неясными, но большими планами послужить ей. В поезде князь знакомится с Парфеном Рогожиным, сыном богатого купца, унаследовавшим после его смерти огромное состояние. От него князь впервые слышит имя Настасьи Филипповны Барашковой, любовницы некоего богатого аристократа Тоцкого, которой страстно увлечён Рогожин.",
			"last_edit_date": "2014-09-03",
			"is_active": 1,
			"is_delete": 0
		}
	},
	{
		"model": "app_zapsum.Diary",
		"pk": 15,
		"fields": {
			"user_id": 4,
			"title": "Во всякой книге предисие есть первая и вместе с тем последняя вещь",
			"date": "2014-09-03",
			"text": "это уж бог знает!",
			"last_edit_date": "2014-03-03",
			"is_active": 1,
			"is_delete": 0
		}
	},
	{
		"model": "app_zapsum.Diary",
		"pk": 16,
		"fields": {
			"user_id": 4,
			"title": "Во всякой книге предисловие естесте с тем последняя вещь",
			"date": "2014-10-01",
			"text": "Койшаурскую Гору, и во всё горло распевал песни. Славное место эта долина! Со всех сторон горы неприступные, красноватые скалы, обвешанные зелёным плющом и увенчанные купами чинар, жёлтые обрывы, исчерченные промоинами, а там высоко-высоко золотая бахрома снегов, а внизу Арагва, обнявшись с другой безымённой речкой, шумно-вырывающейся из чёрного, полного мглою ущелья, тянется серебряною нитью и сверкает как змея своею чешуёю.",
			"last_edit_date": "2014-09-03",
			"is_active": 1,
			"is_delete": 0
		}
	},
	{
		"model": "app_zapsum.Diary",
		"pk": 17,
		"fields": {
			"user_id": 4,
			"title": "Во всякой книге предисловие есть первая и вмест читателей е с тем последняя вещь",
			"date": "2014-09-03",
			"text": "Койшаурскую Гору, и во всё горло распевал песни. Славное место эта долина! Со всех сторон горы неприступные, красноватые скалы, обвешанные зелёным плющом и увенчанные купами чинар, жёлтые обрывы, исчерченные промоинами, а там высоко-высоко золотая бахрома снегов, а внизу Арагва, обнявшись с другой безымённой речкой, шумно-вырывающейся из чёрного, полного мглою ущелья, тянется серебряною нитью и сверкает как змея своею чешуёю.",
			"last_edit_date": "2014-01-03",
			"is_active": 1,
			"is_delete": 0
		}
	},
	{
		"model": "app_zapsum.Diary",
		"pk": 18,
		"fields": {
			"user_id": 4,
			"title": "Во всякой человека книге предисловие есть первая и вместе с тем последняя вещь",
			"date": "2014-09-03",
			"text": "Койшаурскую Гору, и во всё горло распевал песни. Славное место эта долина! Со всех сторон горы неприступные, красноватые скалы, обвешанные зелёным плющом и увенчанные купами чинар, жёлтые обрывы, исчерченные промоинами, а там высоко-высоко золотая бахрома снегов, а внизу Арагва, обнявшись с другой безымённой речкой, шумно-вырывающейся из чёрного, полного мглою ущелья, тянется серебряною нитью и сверкает как змея своею чешуёю.",
			"last_edit_date": "2014-09-03",
			"is_active": 1,
			"is_delete": 0
		}
	},
	{
		"model": "app_zapsum.Diary",
		"pk": 19,
		"fields": {
			"user_id": 4,
			"title": "Во всякой книге предисловие есть первая и вместе с тем последняя вещь",
			"date": "2013-09-03",
			"text": "Койшаурскую Гору, и во всё горло распевал песни. Славное место эта долина! Со всех сторон горы неприступные, красноватые скалы, обвешанные зелёным плющом и увенчанные купами чинар, жёлтые обрывы, исчерченные промоинами, а там высоко-высоко золотая бахрома снегов, а внизу Арагва, обнявшись с другой безымённой речкой, шумно-вырывающейся из чёрного, полного мглою ущелья, тянется серебряною нитью и сверкает как змея своею чешуёю.",
			"last_edit_date": "2014-09-03",
			"is_active": 1,
			"is_delete": 0
		}
	},
	{
		"model": "app_zapsum.Diary",
		"pk": 20,
		"fields": {
			"user_id": 4,
			"title": "Во всякой книге предисловие есть первая и составленный с тем последняя вещь",
			"date": "2014-09-03",
			"text": "Койшаурскую Гору, и во всё горло распевал песни. Славное место эта долина! Со всех сторон горы неприступные, красноватые скалы, обвешанные зелёным плющом и увенчанные купами чинар, жёлтые обрывы, исчерченные промоинами, а там высоко-высоко золотая бахрома снегов, а внизу Арагва, обнявшись с другой безымённой речкой, шумно-вырывающейся из чёрного, полного мглою ущелья, тянется серебряною нитью и сверкает как змея своею чешуёю.",
			"last_edit_date": "2014-09-03",
			"is_active": 1,
			"is_delete": 0
		}
	},
	{
		"model": "app_zapsum.Diary",
		"pk": 21,
		"fields": {
			"user_id": 4,
			"title": "Во всякой книге предисловие есть первая и вместе с тем последняя вещь",
			"date": "2014-11-03",
			"text": "Койшаурскую Гору, и во всё горло распевал песни. Славное место эта долина! Со всех сторон горы неприступные, красноватые скалы, обвешанные зелёным плющом и увенчанные купами чинар, жёлтые обрывы, исчерченные промоинами, а там высоко-высоко золотая бахрома снегов, а внизу Арагва, обнявшись с другой безымённой речкой, шумно-вырывающейся из чёрного, полного мглою ущелья, тянется серебряною нитью и сверкает как змея своею чешуёю.",
			"last_edit_date": "2014-09-03",
			"is_active": 1,
			"is_delete": 0
		}
	},
	{
		"model": "app_zapsum.Diary",
		"pk": 22,
		"fields": {
			"user_id": 4,
			"title": "Во всякой книге предисловие есть первая и вместе с тем последняя вещь",
			"date": "2014-09-03",
			"text": "Койшаурскую Гору, и во всё горло распевал песни. Славное место эта долина! Со всех сторон горы неприступные, красноватые скалы, обвешанные зелёным плющом и увенчанные купами чинар, жёлтые обрывы, исчерченные промоинами, а там высоко-высоко золотая бахрома снегов, а внизу Арагва, обнявшись с другой безымённой речкой, шумно-вырывающейся из чёрного, полного мглою ущелья, тянется серебряною нитью и сверкает как змея своею чешуёю.",
			"last_edit_date": "2014-09-03",
			"is_active": 1,
			"is_delete": 0
		}
	},
	{
		"model": "app_zapsum.Diary",
		"pk": 23,
		"fields": {
			"user_id": 4,
			"title": "Во всякой книге предисловие Довольно первая и вместе с тем последняя вещь",
			"date": "2014-09-03",
			"text": "Койшаурскую Гору, и во всё горло распевал песни. Славное место эта долина! Со всех сторон горы неприступные, красноватые скалы, обвешанные зелёным плющом и увенчанные купами чинар, жёлтые обрывы, исчерченные промоинами, а там высоко-высоко золотая бахрома снегов, а внизу Арагва, обнявшись с другой безымённой речкой, шумно-вырывающейся из чёрного, полного мглою ущелья, тянется серебряною нитью и сверкает как змея своею чешуёю.",
			"last_edit_date": "2014-09-03",
			"is_active": 1,
			"is_delete": 0
		}
	},
	{
		"model": "app_zapsum.Diary",
		"pk": 24,
		"fields": {
			"user_id": 4,
			"title": "Во всякой книге предисловие есть первая и вместе с тем последняя вещь",
			"date": "2014-10-03",
			"text": "Койшаурскую Гору, и во всё горло распевал песни. Славное место эта долина! Со всех сторон горы неприступные, красноватые скалы, обвешанные зелёным плющом и увенчанные купами чинар, жёлтые обрывы, исчерченные промоинами, а там высоко-высоко золотая бахрома снегов, а внизу Арагва, обнявшись с другой безымённой речкой, шумно-вырывающейся из чёрного, полного мглою ущелья, тянется серебряною нитью и сверкает как змея своею чешуёю.",
			"last_edit_date": "2014-09-03",
			"is_active": 1,
			"is_delete": 0
		}
	},
	{
		"model": "app_zapsum.Diary",
		"pk": 25,
		"fields": {
			"user_id": 4,
			"title": "Во всякой книге предисловие есть первая и доверчивость с тем последняя вещь",
			"date": "2014-09-03",
			"text": "Койшаурскую Гору, и во всё горло распевал песни. Славное место эта долина! Со всех сторон горы неприступные, красноватые скалы, обвешанные зелёным плющом и увенчанные купами чинар, жёлтые обрывы, исчерченные промоинами, а там высоко-высоко золотая бахрома снегов, а внизу Арагва, обнявшись с другой безымённой речкой, шумно-вырывающейся из чёрного, полного мглою ущелья, тянется серебряною нитью и сверкает как змея своею чешуёю.",
			"last_edit_date": "2014-09-03",
			"is_active": 1,
			"is_delete": 0
		}
	},
	{
		"model": "app_zapsum.Diary",
		"pk": 26,
		"fields": {
			"user_id": 4,
			"title": "Во всякой книге предисловие есть первая и вместе с тем последняя вещь",
			"date": "2014-03-01",
			"text": "Койшаурскую Гору, и во всё горло распевал песни. Славное место эта долина! Со всех сторон горы неприступные, красноватые скалы, обвешанные зелёным плющом и увенчанные купами чинар, жёлтые обрывы, исчерченные промоинами, а там высоко-высоко золотая бахрома снегов, а внизу Арагва, обнявшись с другой безымённой речкой, шумно-вырывающейся из чёрного, полного мглою ущелья, тянется серебряною нитью и сверкает как змея своею чешуёю.",
			"last_edit_date": "2014-09-03",
			"is_active": 1,
			"is_delete": 0
		}
	},
	{
		"model": "app_zapsum.Diary",
		"pk": 27,
		"fields": {
			"user_id": 4,
			"title": "Во всякой книге предисловие есть первая и вместе с тем последняя вещь",
			"date": "2014-09-03",
			"text": "Койшаурскую Гору, и во всё горло распевал песни. Славное место эта долина! Со всех сторон горы неприступные, красноватые скалы, обвешанные зелёным плющом и увенчанные купами чинар, жёлтые обрывы, исчерченные промоинами, а там высоко-высоко золотая бахрома снегов, а внизу Арагва, обнявшись с другой безымённой речкой, шумно-вырывающейся из чёрного, полного мглою ущелья, тянется серебряною нитью и сверкает как змея своею чешуёю.",
			"last_edit_date": "2014-09-03",
			"is_active": 1,
			"is_delete": 0
		}
	},
	{
		"model": "app_zapsum.Diary",
		"pk": 28,
		"fields": {
			"user_id": 4,
			"title": "Во всякой книге недавно есть первая и вместе с тем последняя вещь",
			"date": "2014-09-12",
			"text": "Койшаурскую Гору, и во всё горло распевал песни. Славное место эта долина! Со всех сторон горы неприступные, красноватые скалы, обвешанные зелёным плющом и увенчанные купами чинар, жёлтые обрывы, исчерченные промоинами, а там высоко-высоко золотая бахрома снегов, а внизу Арагва, обнявшись с другой безымённой речкой, шумно-вырывающейся из чёрного, полного мглою ущелья, тянется серебряною нитью и сверкает как змея своею чешуёю.",
			"last_edit_date": "2014-09-03",
			"is_active": 1,
			"is_delete": 0
		}
	},
	{
		"model": "app_zapsum.Diary",
		"pk": 29,
		"fields": {
			"user_id": 4,
			"title": "Во всякой книге предисловие есть первая и вместе с тем последняя вещь",
			"date": "2014-09-03",
			"text": "Койшаурскую Гору, и во всё горло распевал песни. Славное место эта долина! Со всех сторон горы неприступные, красноватые скалы, обвешанные зелёным плющом и увенчанные купами чинар, жёлтые обрывы, исчерченные промоинами, а там высоко-высоко золотая бахрома снегов, а внизу Арагва, обнявшись с другой безымённой речкой, шумно-вырывающейся из чёрного, полного мглою ущелья, тянется серебряною нитью и сверкает как змея своею чешуёю.",
			"last_edit_date": "2014-09-03",
			"is_active": 1,
			"is_delete": 0
		}
	},
	{
		"model": "app_zapsum.Diary",
		"pk": 30,
		"fields": {
			"user_id": 4,
			"title": "Во всякой человека предисловие есть первая и вместе с тем последняя вещь",
			"date": "2014-09-11",
			"text": "Койшаурскую Гору, и во всё горло распевал песни. Славное место эта долина! Со всех сторон горы неприступные, красноватые скалы, обвешанные зелёным плющом и увенчанные купами чинар, жёлтые обрывы, исчерченные промоинами, а там высоко-высоко золотая бахрома снегов, а внизу Арагва, обнявшись с другой безымённой речкой, шумно-вырывающейся из чёрного, полного мглою ущелья, тянется серебряною нитью и сверкает как змея своею чешуёю.",
			"last_edit_date": "2014-09-03",
			"is_active": 1,
			"is_delete": 0
		}
	},
	{
		"model": "app_zapsum.Diary",
		"pk": 31,
		"fields": {
			"user_id": 4,
			"title": "Во всякой книге предисловие есть первая и кормили с тем последняя вещь",
			"date": "2014-02-03",
			"text": "Койшаурскую Гору, и во всё горло распевал песни. Славное место эта долина! Со всех сторон горы неприступные, красноватые скалы, обвешанные зелёным плющом и увенчанные купами чинар, жёлтые обрывы, исчерченные промоинами, а там высоко-высоко золотая бахрома снегов, а внизу Арагва, обнявшись с другой безымённой речкой, шумно-вырывающейся из чёрного, полного мглою ущелья, тянется серебряною нитью и сверкает как змея своею чешуёю.",
			"last_edit_date": "2014-09-03",
			"is_active": 1,
			"is_delete": 0
		}
	},
	{
		"model": "app_zapsum.Diary",
		"pk": 32,
		"fields": {
			"user_id": 4,
			"title": "Во всякой портрет предисловие есть первая и вместе с тем последняя вещь",
			"date": "2014-03-03",
			"text": "Койшаурскую Гору, и во всё горло распевал песни. Славное место эта долина! Со всех сторон горы неприступные, красноватые скалы, обвешанные зелёным плющом и увенчанные купами чинар, жёлтые обрывы, исчерченные промоинами, а там высоко-высоко золотая бахрома снегов, а внизу Арагва, обнявшись с другой безымённой речкой, шумно-вырывающейся из чёрного, полного мглою ущелья, тянется серебряною нитью и сверкает как змея своею чешуёю.",
			"last_edit_date": "2014-09-03",
			"is_active": 1,
			"is_delete": 0
		}
	},
	{
		"model": "app_zapsum.Diary",
		"pk": 33,
		"fields": {
			"user_id": 2,
			"title": "Князь Лев Николаевич Мышкин",
			"date": "2012-07-03",
			"text": "Род Лермонтовых происходил из Шотландии и восходил к полумифическому барду-пророку Томасу Лермонту. В 1613 году один из представителей этого рода, поручик польской армии Георг (Джордж) Лермонт (ок. 1596—1634), был взят в плен русскими при захвате крепости Белая и в числе прочих так называемых бельских немцев поступил на службу к царю Михаилу Фёдоровичу. Он перешёл в православие и стал, под именем Юрия Андреевича, родоначальником русской дворянской фамилии Лермонтовых[9]. В чине ротмистра русского рейтарского строя он погиб при осаде Смоленска в 1634 году[10]. В настоящее время британская компания Oxford Ancestors, составляющая родословные, проводит работу по подтверждению данной версии происхождения Лермонтова при помощи анализа ДНК[",
			"last_edit_date": "2014-09-03",
			"is_active": 1,
			"is_delete": 0
		}
	},
	{
		"model": "app_zapsum.Diary",
		"pk": 34,
		"fields": {
			"user_id": 2,
			"title": "Князь Лев  Мышкин",
			"date": "2014-09-01",
			"text": "Род Лермонтовых происходил из Шотландии и восходил к полумифическому барду-пророку Томасу Лермонту. В 1613 году один из представителей этого рода, поручик польской армии Георг (Джордж) Лермонт (ок. 1596—1634), был взят в плен русскими при захвате крепости Белая и в числе прочих так называемых бельских немцев поступил на службу к царю Михаилу Фёдоровичу. Он перешёл в православие и стал, под именем Юрия Андреевича, родоначальником русской дворянской фамилии Лермонтовых[9]. В чине ротмистра русского рейтарского строя он погиб при осаде Смоленска в 1634 году[10]. В настоящее время британская компания Oxford Ancestors, составляющая родословные, проводит работу по подтверждению данной версии происхождения Лермонтова при помощи анализа ДНК[",
			"last_edit_date": "2014-09-03",
			"is_active": 1,
			"is_delete": 0
		}
	},
	{
		"model": "app_zapsum.Diary",
		"pk": 35,
		"fields": {
			"user_id": 2,
			"title": "ШотландииШотландии Лев Николаевич Мышкин",
			"date": "2014-01-03",
			"text": "Род Лермонтовых происходил из Шотландии и восходил к полумифическому барду-пророку Томасу Лермонту. В 1613 году один из представителей этого рода, поручик польской армии Георг (Джордж) Лермонт (ок. 1596—1634), был взят в плен русскими при захвате крепости Белая и в числе прочих так называемых бельских немцев поступил на службу к царю Михаилу Фёдоровичу. Он перешёл в православие и стал, под именем Юрия Андреевича, родоначальником русской дворянской фамилии Лермонтовых[9]. В чине ротмистра русского рейтарского строя он погиб при осаде Смоленска в 1634 году[10]. В настоящее время британская компания Oxford Ancestors, составляющая родословные, проводит работу по подтверждению данной версии происхождения Лермонтова при помощи анализа ДНК[",
			"last_edit_date": "2014-09-03",
			"is_active": 1,
			"is_delete": 0
		}
	},
	{
		"model": "app_zapsum.Diary",
		"pk": 36,
		"fields": {
			"user_id": 2,
			"title": "Князь Лев Николаевич полумифическому",
			"date": "2014-03-03",
			"text": "Род Лермонтовых происходил из Шотландии и восходил к полумифическому барду-пророку Томасу Лермонту. В 1613 году один из представителей этого рода, поручик польской армии Георг (Джордж) Лермонт (ок. 1596—1634), был взят в плен русскими при захвате крепости Белая и в числе прочих так называемых бельских немцев поступил на службу к царю Михаилу Фёдоровичу. Он перешёл в православие и стал, под именем Юрия Андреевича, родоначальником русской дворянской фамилии Лермонтовых[9]. В чине ротмистра русского рейтарского строя он погиб при осаде Смоленска в 1634 году[10]. В настоящее время британская компания Oxford Ancestors, составляющая родословные, проводит работу по подтверждению данной версии происхождения Лермонтова при помощи анализа ДНК[",
			"last_edit_date": "2014-09-03",
			"is_active": 1,
			"is_delete": 0
		}
	},
	{
		"model": "app_zapsum.Diary",
		"pk": 37,
		"fields": {
			"user_id": 2,
			"title": "Князь Лев Николаевич Мышкин",
			"date": "2014-11-03",
			"text": "Род Лермонтовых происходил из Шотландии и восходил к полумифическому барду-пророку Томасу Лермонту. В 1613 году один из представителей этого рода, поручик польской армии Георг (Джордж) Лермонт (ок. 1596—1634), был взят в плен русскими при захвате крепости Белая и в числе прочих так называемых бельских немцев поступил на службу к царю Михаилу Фёдоровичу. Он перешёл в православие и стал, под именем Юрия Андреевича, родоначальником русской дворянской фамилии Лермонтовых[9]. В чине ротмистра русского рейтарского строя он погиб при осаде Смоленска в 1634 году[10]. В настоящее время британская компания Oxford Ancestors, составляющая родословные, проводит работу по подтверждению данной версии происхождения Лермонтова при помощи анализа ДНК[",
			"last_edit_date": "2014-09-03",
			"is_active": 1,
			"is_delete": 0
		}
	},
	{
		"model": "app_zapsum.Diary",
		"pk": 38,
		"fields": {
			"user_id": 2,
			"title": "Лермонту Лев Николаевич Мышкин",
			"date": "2014-12-12",
			"text": "Род Лермонтовых происходил из Шотландии и восходил к полумифическому барду-пророку Томасу Лермонту. В 1613 году один из представителей этого рода, поручик польской армии Георг (Джордж) Лермонт (ок. 1596—1634), был взят в плен русскими при захвате крепости Белая и в числе прочих так называемых бельских немцев поступил на службу к царю Михаилу Фёдоровичу. Он перешёл в православие и стал, под именем Юрия Андреевича, родоначальником русской дворянской фамилии Лермонтовых[9]. В чине ротмистра русского рейтарского строя он погиб при осаде Смоленска в 1634 году[10]. В настоящее время британская компания Oxford Ancestors, составляющая родословные, проводит работу по подтверждению данной версии происхождения Лермонтова при помощи анализа ДНК[",
			"last_edit_date": "2014-09-03",
			"is_active": 1,
			"is_delete": 0
		}
	},
	{
		"model": "app_zapsum.Diary",
		"pk": 39,
		"fields": {
			"user_id": 2,
			"title": "Князь Лев барду Мышкин",
			"date": "2014-09-11",
			"text": "Род Лермонтовых происходил из Шотландии и восходил к полумифическому барду-пророку Томасу Лермонту. В 1613 году один из представителей этого рода, поручик польской армии Георг (Джордж) Лермонт (ок. 1596—1634), был взят в плен русскими при захвате крепости Белая и в числе прочих так называемых бельских немцев поступил на службу к царю Михаилу Фёдоровичу. Он перешёл в православие и стал, под именем Юрия Андреевича, родоначальником русской дворянской фамилии Лермонтовых[9]. В чине ротмистра русского рейтарского строя он погиб при осаде Смоленска в 1634 году[10]. В настоящее время британская компания Oxford Ancestors, составляющая родословные, проводит работу по подтверждению данной версии происхождения Лермонтова при помощи анализа ДНК[",
			"last_edit_date": "2014-09-03",
			"is_active": 1,
			"is_delete": 0
		}
	},
	{
		"model": "app_zapsum.Diary",
		"pk": 40,
		"fields": {
			"user_id": 2,
			"title": "Князь Лев восходил Мышкин",
			"date": "2014-09-12",
			"text": "Род Лермонтовых происходил из Шотландии и восходил к полумифическому барду-пророку Томасу Лермонту. В 1613 году один из представителей этого рода, поручик польской армии Георг (Джордж) Лермонт (ок. 1596—1634), был взят в плен русскими при захвате крепости Белая и в числе прочих так называемых бельских немцев поступил на службу к царю Михаилу Фёдоровичу. Он перешёл в православие и стал, под именем Юрия Андреевича, родоначальником русской дворянской фамилии Лермонтовых[9]. В чине ротмистра русского рейтарского строя он погиб при осаде Смоленска в 1634 году[10]. В настоящее время британская компания Oxford Ancestors, составляющая родословные, проводит работу по подтверждению данной версии происхождения Лермонтова при помощи анализа ДНК[",
			"last_edit_date": "2014-09-03",
			"is_active": 1,
			"is_delete": 0
		}
	},
	{
		"model": "app_zapsum.Diary",
		"pk": 41,
		"fields": {
			"user_id": 2,
			"title": "Князь Лев Томасу Мышкин",
			"date": "2014-09-04",
			"text": "Род Лермонтовых происходил из Шотландии и восходил к полумифическому барду-пророку Томасу Лермонту. В 1613 году один из представителей этого рода, поручик польской армии Георг (Джордж) Лермонт (ок. 1596—1634), был взят в плен русскими при захвате крепости Белая и в числе прочих так называемых бельских немцев поступил на службу к царю Михаилу Фёдоровичу. Он перешёл в православие и стал, под именем Юрия Андреевича, родоначальником русской дворянской фамилии Лермонтовых[9]. В чине ротмистра русского рейтарского строя он погиб при осаде Смоленска в 1634 году[10]. В настоящее время британская компания Oxford Ancestors, составляющая родословные, проводит работу по подтверждению данной версии происхождения Лермонтова при помощи анализа ДНК[",
			"last_edit_date": "2014-09-03",
			"is_active": 1,
			"is_delete": 0
		}
	},
	{
		"model": "app_zapsum.Diary",
		"pk": 42,
		"fields": {
			"user_id": 2,
			"title": "Князь бардубардубарду Николаевич Мышкин",
			"date": "2014-09-01",
			"text": "Род Лермонтовых происходил из Шотландии и восходил к полумифическому барду-пророку Томасу Лермонту. В 1613 году один из представителей этого рода, поручик польской армии Георг (Джордж) Лермонт (ок. 1596—1634), был взят в плен русскими при захвате крепости Белая и в числе прочих так называемых бельских немцев поступил на службу к царю Михаилу Фёдоровичу. Он перешёл в православие и стал, под именем Юрия Андреевича, родоначальником русской дворянской фамилии Лермонтовых[9]. В чине ротмистра русского рейтарского строя он погиб при осаде Смоленска в 1634 году[10]. В настоящее время британская компания Oxford Ancestors, составляющая родословные, проводит работу по подтверждению данной версии происхождения Лермонтова при помощи анализа ДНК[",
			"last_edit_date": "2014-09-03",
			"is_active": 1,
			"is_delete": 0
		}
	},
	{
		"model": "app_zapsum.Diary",
		"pk": 43,
		"fields": {
			"user_id": 2,
			"title": "Князь Лев полумифическому Мышкин",
			"date": "2014-10-03",
			"text": "Род Лермонтовых происходил из Шотландии и восходил к полумифическому барду-пророку Томасу Лермонту. В 1613 году один из представителей этого рода, поручик польской армии Георг (Джордж) Лермонт (ок. 1596—1634), был взят в плен русскими при захвате крепости Белая и в числе прочих так называемых бельских немцев поступил на службу к царю Михаилу Фёдоровичу. Он перешёл в православие и стал, под именем Юрия Андреевича, родоначальником русской дворянской фамилии Лермонтовых[9]. В чине ротмистра русского рейтарского строя он погиб при осаде Смоленска в 1634 году[10]. В настоящее время британская компания Oxford Ancestors, составляющая родословные, проводит работу по подтверждению данной версии происхождения Лермонтова при помощи анализа ДНК[",
			"last_edit_date": "2014-09-03",
			"is_active": 1,
			"is_delete": 0
		}
	},
	{
		"model": "app_zapsum.Diary",
		"pk": 44,
		"fields": {
			"user_id": 2,
			"title": "Князь Лев изизизизv Мышкин",
			"date": "2014-12-03",
			"text": "Род Лермонтовых происходил из Шотландии и восходил к полумифическому барду-пророку Томасу Лермонту. В 1613 году один из представителей этого рода, поручик польской армии Георг (Джордж) Лермонт (ок. 1596—1634), был взят в плен русскими при захвате крепости Белая и в числе прочих так называемых бельских немцев поступил на службу к царю Михаилу Фёдоровичу. Он перешёл в православие и стал, под именем Юрия Андреевича, родоначальником русской дворянской фамилии Лермонтовых[9]. В чине ротмистра русского рейтарского строя он погиб при осаде Смоленска в 1634 году[10]. В настоящее время британская компания Oxford Ancestors, составляющая родословные, проводит работу по подтверждению данной версии происхождения Лермонтова при помощи анализа ДНК[",
			"last_edit_date": "2014-09-03",
			"is_active": 1,
			"is_delete": 0
		}
	},
	{
		"model": "app_zapsum.Diary",
		"pk": 45,
		"fields": {
			"user_id": 2,
			"title": "Князь Лев Шотландии Мышкин",
			"date": "2014-12-12",
			"text": "Род Лермонтовых происходил из Шотландии и восходил к полумифическому барду-пророку Томасу Лермонту. В 1613 году один из представителей этого рода, поручик польской армии Георг (Джордж) Лермонт (ок. 1596—1634), был взят в плен русскими при захвате крепости Белая и в числе прочих так называемых бельских немцев поступил на службу к царю Михаилу Фёдоровичу. Он перешёл в православие и стал, под именем Юрия Андреевича, родоначальником русской дворянской фамилии Лермонтовых[9]. В чине ротмистра русского рейтарского строя он погиб при осаде Смоленска в 1634 году[10]. В настоящее время британская компания Oxford Ancestors, составляющая родословные, проводит работу по подтверждению данной версии происхождения Лермонтова при помощи анализа ДНК[",
			"last_edit_date": "2014-09-03",
			"is_active": 0,
			"is_delete": 0
		}
	},
	{
		"model": "app_zapsum.Diary",
		"pk": 46,
		"fields": {
			"user_id": 2,
			"title": "Князь Лев полумифическомуполумифическому Мышкин",
			"date": "2013-09-03",
			"text": "Род Лермонтовых происходил из Шотландии и восходил к полумифическому барду-пророку Томасу Лермонту. В 1613 году один из представителей этого рода, поручик польской армии Георг (Джордж) Лермонт (ок. 1596—1634), был взят в плен русскими при захвате крепости Белая и в числе прочих так называемых бельских немцев поступил на службу к царю Михаилу Фёдоровичу. Он перешёл в православие и стал, под именем Юрия Андреевича, родоначальником русской дворянской фамилии Лермонтовых[9]. В чине ротмистра русского рейтарского строя он погиб при осаде Смоленска в 1634 году[10]. В настоящее время британская компания Oxford Ancestors, составляющая родословные, проводит работу по подтверждению данной версии происхождения Лермонтова при помощи анализа ДНК[",
			"last_edit_date": "2014-09-03",
			"is_active": 1,
			"is_delete": 0
		}
	},
	{
		"model": "app_zapsum.Diary",
		"pk": 47,
		"fields": {
			"user_id": 2,
			"title": "Князь Лев1613ышкин",
			"date": "2012-09-03",
			"text": "Род Лермонтовых происходил из Шотландии и восходил к полумифическому барду-пророку Томасу Лермонту. В 1613 году один из представителей этого рода, поручик польской армии Георг (Джордж) Лермонт (ок. 1596—1634), был взят в плен русскими при захвате крепости Белая и в числе прочих так называемых бельских немцев поступил на службу к царю Михаилу Фёдоровичу. Он перешёл в православие и стал, под именем Юрия Андреевича, родоначальником русской дворянской фамилии Лермонтовых[9]. В чине ротмистра русского рейтарского строя он погиб при осаде Смоленска в 1634 году[10]. В настоящее время британская компания Oxford Ancestors, составляющая родословные, проводит работу по подтверждению данной версии происхождения Лермонтова при помощи анализа ДНК[",
			"last_edit_date": "2014-09-03",
			"is_active": 1,
			"is_delete": 0
		}
	}	
								
]